Tensor,Shape,Precision
model.language_model.embed_tokens.weight,"[248 320, 2 048]",BF16
model.language_model.layers.0.input_layernorm.weight,[2 048],BF16
model.language_model.layers.0.linear_attn.A_log,[32],BF16
model.language_model.layers.0.linear_attn.conv1d.weight,"[8 192, 1, 4]",BF16
model.language_model.layers.0.linear_attn.dt_bias,[32],BF16
model.language_model.layers.0.linear_attn.in_proj_a.weight,"[32, 2 048]",BF16
model.language_model.layers.0.linear_attn.in_proj_b.weight,"[32, 2 048]",BF16
model.language_model.layers.0.linear_attn.in_proj_qkv.weight,"[8 192, 2 048]",BF16
model.language_model.layers.0.linear_attn.in_proj_z.weight,"[4 096, 2 048]",BF16
model.language_model.layers.0.linear_attn.norm.weight,[128],BF16
model.language_model.layers.0.linear_attn.out_proj.weight,"[2 048, 4 096]",BF16
model.language_model.layers.0.mlp.shared_expert.down_proj.weight,"[2 048, 512]",BF16
model.language_model.layers.0.mlp.shared_expert.gate_proj.weight,"[512, 2 048]",BF16
model.language_model.layers.0.mlp.shared_expert.up_proj.weight,"[512, 2 048]",BF16
model.language_model.layers.0.mlp.shared_expert_gate.weight,"[1, 2 048]",BF16
model.language_model.layers.0.mlp.experts.down_proj,"[256, 2 048, 512]",BF16
model.language_model.layers.0.mlp.experts.gate_up_proj,"[256, 1 024, 2 048]",BF16
model.language_model.layers.0.mlp.gate.weight,"[256, 2 048]",BF16
model.language_model.layers.0.post_attention_layernorm.weight,[2 048],BF16
model.language_model.layers.1.input_layernorm.weight,[2 048],BF16
model.language_model.layers.1.linear_attn.A_log,[32],BF16
model.language_model.layers.1.linear_attn.conv1d.weight,"[8 192, 1, 4]",BF16
model.language_model.layers.1.linear_attn.dt_bias,[32],BF16
model.language_model.layers.1.linear_attn.in_proj_a.weight,"[32, 2 048]",BF16
model.language_model.layers.1.linear_attn.in_proj_b.weight,"[32, 2 048]",BF16
model.language_model.layers.1.linear_attn.in_proj_qkv.weight,"[8 192, 2 048]",BF16
model.language_model.layers.1.linear_attn.in_proj_z.weight,"[4 096, 2 048]",BF16
model.language_model.layers.1.linear_attn.norm.weight,[128],BF16
model.language_model.layers.1.linear_attn.out_proj.weight,"[2 048, 4 096]",BF16
model.language_model.layers.1.mlp.shared_expert.down_proj.weight,"[2 048, 512]",BF16
model.language_model.layers.1.mlp.shared_expert.gate_proj.weight,"[512, 2 048]",BF16
model.language_model.layers.1.mlp.shared_expert.up_proj.weight,"[512, 2 048]",BF16
model.language_model.layers.1.mlp.shared_expert_gate.weight,"[1, 2 048]",BF16
model.language_model.layers.1.mlp.experts.down_proj,"[256, 2 048, 512]",BF16
model.language_model.layers.1.mlp.experts.gate_up_proj,"[256, 1 024, 2 048]",BF16
model.language_model.layers.1.mlp.gate.weight,"[256, 2 048]",BF16
model.language_model.layers.1.post_attention_layernorm.weight,[2 048],BF16
model.language_model.layers.2.input_layernorm.weight,[2 048],BF16
model.language_model.layers.2.linear_attn.A_log,[32],BF16
model.language_model.layers.2.linear_attn.conv1d.weight,"[8 192, 1, 4]",BF16
model.language_model.layers.2.linear_attn.dt_bias,[32],BF16
model.language_model.layers.2.linear_attn.in_proj_a.weight,"[32, 2 048]",BF16
model.language_model.layers.2.linear_attn.in_proj_b.weight,"[32, 2 048]",BF16
model.language_model.layers.2.linear_attn.in_proj_qkv.weight,"[8 192, 2 048]",BF16
model.language_model.layers.2.linear_attn.in_proj_z.weight,"[4 096, 2 048]",BF16
model.language_model.layers.2.linear_attn.norm.weight,[128],BF16
model.language_model.layers.2.linear_attn.out_proj.weight,"[2 048, 4 096]",BF16
model.language_model.layers.2.mlp.shared_expert.down_proj.weight,"[2 048, 512]",BF16
model.language_model.layers.2.mlp.shared_expert.gate_proj.weight,"[512, 2 048]",BF16
model.language_model.layers.2.mlp.shared_expert.up_proj.weight,"[512, 2 048]",BF16
model.language_model.layers.2.mlp.shared_expert_gate.weight,"[1, 2 048]",BF16
model.language_model.layers.2.mlp.experts.down_proj,"[256, 2 048, 512]",BF16
model.language_model.layers.2.mlp.experts.gate_up_proj,"[256, 1 024, 2 048]",BF16
model.language_model.layers.2.mlp.gate.weight,"[256, 2 048]",BF16
model.language_model.layers.2.post_attention_layernorm.weight,[2 048],BF16
model.language_model.layers.3.input_layernorm.weight,[2 048],BF16
model.language_model.layers.3.mlp.shared_expert.down_proj.weight,"[2 048, 512]",BF16
model.language_model.layers.3.mlp.shared_expert.gate_proj.weight,"[512, 2 048]",BF16
model.language_model.layers.3.mlp.shared_expert.up_proj.weight,"[512, 2 048]",BF16
model.language_model.layers.3.mlp.shared_expert_gate.weight,"[1, 2 048]",BF16
model.language_model.layers.3.mlp.experts.down_proj,"[256, 2 048, 512]",BF16
model.language_model.layers.3.mlp.experts.gate_up_proj,"[256, 1 024, 2 048]",BF16
model.language_model.layers.3.mlp.gate.weight,"[256, 2 048]",BF16
model.language_model.layers.3.post_attention_layernorm.weight,[2 048],BF16
model.language_model.layers.3.self_attn.k_norm.weight,[256],BF16
model.language_model.layers.3.self_attn.k_proj.weight,"[512, 2 048]",BF16
model.language_model.layers.3.self_attn.o_proj.weight,"[2 048, 4 096]",BF16
model.language_model.layers.3.self_attn.q_norm.weight,[256],BF16
model.language_model.layers.3.self_attn.q_proj.weight,"[8 192, 2 048]",BF16
model.language_model.layers.3.self_attn.v_proj.weight,"[512, 2 048]",BF16
model.language_model.layers.4.input_layernorm.weight,[2 048],BF16
model.language_model.layers.4.linear_attn.A_log,[32],BF16
model.language_model.layers.4.linear_attn.conv1d.weight,"[8 192, 1, 4]",BF16
model.language_model.layers.4.linear_attn.dt_bias,[32],BF16
model.language_model.layers.4.linear_attn.in_proj_a.weight,"[32, 2 048]",BF16
model.language_model.layers.4.linear_attn.in_proj_b.weight,"[32, 2 048]",BF16
model.language_model.layers.4.linear_attn.in_proj_qkv.weight,"[8 192, 2 048]",BF16
model.language_model.layers.4.linear_attn.in_proj_z.weight,"[4 096, 2 048]",BF16
model.language_model.layers.4.linear_attn.norm.weight,[128],BF16
model.language_model.layers.4.linear_attn.out_proj.weight,"[2 048, 4 096]",BF16
model.language_model.layers.4.mlp.shared_expert.down_proj.weight,"[2 048, 512]",BF16
model.language_model.layers.4.mlp.shared_expert.gate_proj.weight,"[512, 2 048]",BF16
model.language_model.layers.4.mlp.shared_expert.up_proj.weight,"[512, 2 048]",BF16
model.language_model.layers.4.mlp.shared_expert_gate.weight,"[1, 2 048]",BF16
model.language_model.layers.4.mlp.experts.down_proj,"[256, 2 048, 512]",BF16
model.language_model.layers.4.mlp.experts.gate_up_proj,"[256, 1 024, 2 048]",BF16
model.language_model.layers.4.mlp.gate.weight,"[256, 2 048]",BF16
model.language_model.layers.4.post_attention_layernorm.weight,[2 048],BF16
model.language_model.layers.5.input_layernorm.weight,[2 048],BF16
model.language_model.layers.5.linear_attn.A_log,[32],BF16
model.language_model.layers.5.linear_attn.conv1d.weight,"[8 192, 1, 4]",BF16
model.language_model.layers.5.linear_attn.dt_bias,[32],BF16
model.language_model.layers.5.linear_attn.in_proj_a.weight,"[32, 2 048]",BF16
model.language_model.layers.5.linear_attn.in_proj_b.weight,"[32, 2 048]",BF16
model.language_model.layers.5.linear_attn.in_proj_qkv.weight,"[8 192, 2 048]",BF16
model.language_model.layers.5.linear_attn.in_proj_z.weight,"[4 096, 2 048]",BF16
model.language_model.layers.5.linear_attn.norm.weight,[128],BF16
model.language_model.layers.5.linear_attn.out_proj.weight,"[2 048, 4 096]",BF16
model.language_model.layers.5.mlp.shared_expert.down_proj.weight,"[2 048, 512]",BF16
model.language_model.layers.5.mlp.shared_expert.gate_proj.weight,"[512, 2 048]",BF16
model.language_model.layers.5.mlp.shared_expert.up_proj.weight,"[512, 2 048]",BF16
model.language_model.layers.5.mlp.shared_expert_gate.weight,"[1, 2 048]",BF16
model.language_model.layers.5.mlp.experts.down_proj,"[256, 2 048, 512]",BF16
model.language_model.layers.5.mlp.experts.gate_up_proj,"[256, 1 024, 2 048]",BF16
model.language_model.layers.5.mlp.gate.weight,"[256, 2 048]",BF16
model.language_model.layers.5.post_attention_layernorm.weight,[2 048],BF16
model.language_model.layers.6.input_layernorm.weight,[2 048],BF16
model.language_model.layers.6.linear_attn.A_log,[32],BF16
model.language_model.layers.6.linear_attn.conv1d.weight,"[8 192, 1, 4]",BF16
model.language_model.layers.6.linear_attn.dt_bias,[32],BF16
model.language_model.layers.6.linear_attn.in_proj_a.weight,"[32, 2 048]",BF16
model.language_model.layers.6.linear_attn.in_proj_b.weight,"[32, 2 048]",BF16
model.language_model.layers.6.linear_attn.in_proj_qkv.weight,"[8 192, 2 048]",BF16
model.language_model.layers.6.linear_attn.in_proj_z.weight,"[4 096, 2 048]",BF16
model.language_model.layers.6.linear_attn.norm.weight,[128],BF16
model.language_model.layers.6.linear_attn.out_proj.weight,"[2 048, 4 096]",BF16
model.language_model.layers.6.mlp.shared_expert.down_proj.weight,"[2 048, 512]",BF16
model.language_model.layers.6.mlp.shared_expert.gate_proj.weight,"[512, 2 048]",BF16
model.language_model.layers.6.mlp.shared_expert.up_proj.weight,"[512, 2 048]",BF16
model.language_model.layers.6.mlp.shared_expert_gate.weight,"[1, 2 048]",BF16
model.language_model.layers.6.mlp.experts.down_proj,"[256, 2 048, 512]",BF16
model.language_model.layers.6.mlp.experts.gate_up_proj,"[256, 1 024, 2 048]",BF16
model.language_model.layers.6.mlp.gate.weight,"[256, 2 048]",BF16
model.language_model.layers.6.post_attention_layernorm.weight,[2 048],BF16
model.language_model.layers.7.input_layernorm.weight,[2 048],BF16
model.language_model.layers.7.mlp.shared_expert.down_proj.weight,"[2 048, 512]",BF16
model.language_model.layers.7.mlp.shared_expert.gate_proj.weight,"[512, 2 048]",BF16
model.language_model.layers.7.mlp.shared_expert.up_proj.weight,"[512, 2 048]",BF16
model.language_model.layers.7.mlp.shared_expert_gate.weight,"[1, 2 048]",BF16
model.language_model.layers.7.mlp.experts.down_proj,"[256, 2 048, 512]",BF16
model.language_model.layers.7.mlp.experts.gate_up_proj,"[256, 1 024, 2 048]",BF16
model.language_model.layers.7.mlp.gate.weight,"[256, 2 048]",BF16
model.language_model.layers.7.post_attention_layernorm.weight,[2 048],BF16
model.language_model.layers.7.self_attn.k_norm.weight,[256],BF16
model.language_model.layers.7.self_attn.k_proj.weight,"[512, 2 048]",BF16
model.language_model.layers.7.self_attn.o_proj.weight,"[2 048, 4 096]",BF16
model.language_model.layers.7.self_attn.q_norm.weight,[256],BF16
model.language_model.layers.7.self_attn.q_proj.weight,"[8 192, 2 048]",BF16
model.language_model.layers.7.self_attn.v_proj.weight,"[512, 2 048]",BF16
model.language_model.layers.8.input_layernorm.weight,[2 048],BF16
model.language_model.layers.8.linear_attn.A_log,[32],BF16
model.language_model.layers.8.linear_attn.conv1d.weight,"[8 192, 1, 4]",BF16
model.language_model.layers.8.linear_attn.dt_bias,[32],BF16
model.language_model.layers.8.linear_attn.in_proj_a.weight,"[32, 2 048]",BF16
model.language_model.layers.8.linear_attn.in_proj_b.weight,"[32, 2 048]",BF16
model.language_model.layers.8.linear_attn.in_proj_qkv.weight,"[8 192, 2 048]",BF16
model.language_model.layers.8.linear_attn.in_proj_z.weight,"[4 096, 2 048]",BF16
model.language_model.layers.8.linear_attn.norm.weight,[128],BF16
model.language_model.layers.8.linear_attn.out_proj.weight,"[2 048, 4 096]",BF16
model.language_model.layers.8.mlp.shared_expert.down_proj.weight,"[2 048, 512]",BF16
model.language_model.layers.8.mlp.shared_expert.gate_proj.weight,"[512, 2 048]",BF16
model.language_model.layers.8.mlp.shared_expert.up_proj.weight,"[512, 2 048]",BF16
model.language_model.layers.8.mlp.shared_expert_gate.weight,"[1, 2 048]",BF16
model.language_model.layers.8.mlp.experts.down_proj,"[256, 2 048, 512]",BF16
model.language_model.layers.8.mlp.experts.gate_up_proj,"[256, 1 024, 2 048]",BF16
model.language_model.layers.8.mlp.gate.weight,"[256, 2 048]",BF16
model.language_model.layers.8.post_attention_layernorm.weight,[2 048],BF16
model.language_model.layers.9.input_layernorm.weight,[2 048],BF16
model.language_model.layers.9.linear_attn.A_log,[32],BF16
model.language_model.layers.9.linear_attn.conv1d.weight,"[8 192, 1, 4]",BF16
model.language_model.layers.9.linear_attn.dt_bias,[32],BF16
model.language_model.layers.9.linear_attn.in_proj_a.weight,"[32, 2 048]",BF16
model.language_model.layers.9.linear_attn.in_proj_b.weight,"[32, 2 048]",BF16
model.language_model.layers.9.linear_attn.in_proj_qkv.weight,"[8 192, 2 048]",BF16
model.language_model.layers.9.linear_attn.in_proj_z.weight,"[4 096, 2 048]",BF16
model.language_model.layers.9.linear_attn.norm.weight,[128],BF16
model.language_model.layers.9.linear_attn.out_proj.weight,"[2 048, 4 096]",BF16
model.language_model.layers.9.mlp.shared_expert.down_proj.weight,"[2 048, 512]",BF16
model.language_model.layers.9.mlp.shared_expert.gate_proj.weight,"[512, 2 048]",BF16
model.language_model.layers.9.mlp.shared_expert.up_proj.weight,"[512, 2 048]",BF16
model.language_model.layers.9.mlp.shared_expert_gate.weight,"[1, 2 048]",BF16
model.language_model.layers.9.mlp.experts.down_proj,"[256, 2 048, 512]",BF16
model.language_model.layers.9.mlp.experts.gate_up_proj,"[256, 1 024, 2 048]",BF16
model.language_model.layers.9.mlp.gate.weight,"[256, 2 048]",BF16
model.language_model.layers.9.post_attention_layernorm.weight,[2 048],BF16
model.language_model.layers.10.input_layernorm.weight,[2 048],BF16
model.language_model.layers.10.linear_attn.A_log,[32],BF16
model.language_model.layers.10.linear_attn.conv1d.weight,"[8 192, 1, 4]",BF16
model.language_model.layers.10.linear_attn.dt_bias,[32],BF16
model.language_model.layers.10.linear_attn.in_proj_a.weight,"[32, 2 048]",BF16
model.language_model.layers.10.linear_attn.in_proj_b.weight,"[32, 2 048]",BF16
model.language_model.layers.10.linear_attn.in_proj_qkv.weight,"[8 192, 2 048]",BF16
model.language_model.layers.10.linear_attn.in_proj_z.weight,"[4 096, 2 048]",BF16
model.language_model.layers.10.linear_attn.norm.weight,[128],BF16
model.language_model.layers.10.linear_attn.out_proj.weight,"[2 048, 4 096]",BF16
model.language_model.layers.10.mlp.shared_expert.down_proj.weight,"[2 048, 512]",BF16
model.language_model.layers.10.mlp.shared_expert.gate_proj.weight,"[512, 2 048]",BF16
model.language_model.layers.10.mlp.shared_expert.up_proj.weight,"[512, 2 048]",BF16
model.language_model.layers.10.mlp.shared_expert_gate.weight,"[1, 2 048]",BF16
model.language_model.layers.10.mlp.experts.down_proj,"[256, 2 048, 512]",BF16
model.language_model.layers.10.mlp.experts.gate_up_proj,"[256, 1 024, 2 048]",BF16
model.language_model.layers.10.mlp.gate.weight,"[256, 2 048]",BF16
model.language_model.layers.10.post_attention_layernorm.weight,[2 048],BF16
model.language_model.layers.11.input_layernorm.weight,[2 048],BF16
model.language_model.layers.11.mlp.shared_expert.down_proj.weight,"[2 048, 512]",BF16
model.language_model.layers.11.mlp.shared_expert.gate_proj.weight,"[512, 2 048]",BF16
model.language_model.layers.11.mlp.shared_expert.up_proj.weight,"[512, 2 048]",BF16
model.language_model.layers.11.mlp.shared_expert_gate.weight,"[1, 2 048]",BF16
model.language_model.layers.11.mlp.experts.down_proj,"[256, 2 048, 512]",BF16
model.language_model.layers.11.mlp.experts.gate_up_proj,"[256, 1 024, 2 048]",BF16
model.language_model.layers.11.mlp.gate.weight,"[256, 2 048]",BF16
model.language_model.layers.11.post_attention_layernorm.weight,[2 048],BF16
model.language_model.layers.11.self_attn.k_norm.weight,[256],BF16
model.language_model.layers.11.self_attn.k_proj.weight,"[512, 2 048]",BF16
model.language_model.layers.11.self_attn.o_proj.weight,"[2 048, 4 096]",BF16
model.language_model.layers.11.self_attn.q_norm.weight,[256],BF16
model.language_model.layers.11.self_attn.q_proj.weight,"[8 192, 2 048]",BF16
model.language_model.layers.11.self_attn.v_proj.weight,"[512, 2 048]",BF16
model.language_model.layers.12.input_layernorm.weight,[2 048],BF16
model.language_model.layers.12.linear_attn.A_log,[32],BF16
model.language_model.layers.12.linear_attn.conv1d.weight,"[8 192, 1, 4]",BF16
model.language_model.layers.12.linear_attn.dt_bias,[32],BF16
model.language_model.layers.12.linear_attn.in_proj_a.weight,"[32, 2 048]",BF16
model.language_model.layers.12.linear_attn.in_proj_b.weight,"[32, 2 048]",BF16
model.language_model.layers.12.linear_attn.in_proj_qkv.weight,"[8 192, 2 048]",BF16
model.language_model.layers.12.linear_attn.in_proj_z.weight,"[4 096, 2 048]",BF16
model.language_model.layers.12.linear_attn.norm.weight,[128],BF16
model.language_model.layers.12.linear_attn.out_proj.weight,"[2 048, 4 096]",BF16
model.language_model.layers.12.mlp.shared_expert.down_proj.weight,"[2 048, 512]",BF16
model.language_model.layers.12.mlp.shared_expert.gate_proj.weight,"[512, 2 048]",BF16
model.language_model.layers.12.mlp.shared_expert.up_proj.weight,"[512, 2 048]",BF16
model.language_model.layers.12.mlp.shared_expert_gate.weight,"[1, 2 048]",BF16
model.language_model.layers.12.mlp.experts.down_proj,"[256, 2 048, 512]",BF16
model.language_model.layers.12.mlp.experts.gate_up_proj,"[256, 1 024, 2 048]",BF16
model.language_model.layers.12.mlp.gate.weight,"[256, 2 048]",BF16
model.language_model.layers.12.post_attention_layernorm.weight,[2 048],BF16
model.language_model.layers.13.input_layernorm.weight,[2 048],BF16
model.language_model.layers.13.linear_attn.A_log,[32],BF16
model.language_model.layers.13.linear_attn.conv1d.weight,"[8 192, 1, 4]",BF16
model.language_model.layers.13.linear_attn.dt_bias,[32],BF16
model.language_model.layers.13.linear_attn.in_proj_a.weight,"[32, 2 048]",BF16
model.language_model.layers.13.linear_attn.in_proj_b.weight,"[32, 2 048]",BF16
model.language_model.layers.13.linear_attn.in_proj_qkv.weight,"[8 192, 2 048]",BF16
model.language_model.layers.13.linear_attn.in_proj_z.weight,"[4 096, 2 048]",BF16
model.language_model.layers.13.linear_attn.norm.weight,[128],BF16
model.language_model.layers.13.linear_attn.out_proj.weight,"[2 048, 4 096]",BF16
model.language_model.layers.13.mlp.shared_expert.down_proj.weight,"[2 048, 512]",BF16
model.language_model.layers.13.mlp.shared_expert.gate_proj.weight,"[512, 2 048]",BF16
model.language_model.layers.13.mlp.shared_expert.up_proj.weight,"[512, 2 048]",BF16
model.language_model.layers.13.mlp.shared_expert_gate.weight,"[1, 2 048]",BF16
model.language_model.layers.13.mlp.experts.down_proj,"[256, 2 048, 512]",BF16
model.language_model.layers.13.mlp.experts.gate_up_proj,"[256, 1 024, 2 048]",BF16
model.language_model.layers.13.mlp.gate.weight,"[256, 2 048]",BF16
model.language_model.layers.13.post_attention_layernorm.weight,[2 048],BF16
model.language_model.layers.14.input_layernorm.weight,[2 048],BF16
model.language_model.layers.14.linear_attn.A_log,[32],BF16
model.language_model.layers.14.linear_attn.conv1d.weight,"[8 192, 1, 4]",BF16
model.language_model.layers.14.linear_attn.dt_bias,[32],BF16
model.language_model.layers.14.linear_attn.in_proj_a.weight,"[32, 2 048]",BF16
model.language_model.layers.14.linear_attn.in_proj_b.weight,"[32, 2 048]",BF16
model.language_model.layers.14.linear_attn.in_proj_qkv.weight,"[8 192, 2 048]",BF16
model.language_model.layers.14.linear_attn.in_proj_z.weight,"[4 096, 2 048]",BF16
model.language_model.layers.14.linear_attn.norm.weight,[128],BF16
model.language_model.layers.14.linear_attn.out_proj.weight,"[2 048, 4 096]",BF16
model.language_model.layers.14.mlp.shared_expert.down_proj.weight,"[2 048, 512]",BF16
model.language_model.layers.14.mlp.shared_expert.gate_proj.weight,"[512, 2 048]",BF16
model.language_model.layers.14.mlp.shared_expert.up_proj.weight,"[512, 2 048]",BF16
model.language_model.layers.14.mlp.shared_expert_gate.weight,"[1, 2 048]",BF16
model.language_model.layers.14.mlp.experts.down_proj,"[256, 2 048, 512]",BF16
model.language_model.layers.14.mlp.experts.gate_up_proj,"[256, 1 024, 2 048]",BF16
model.language_model.layers.14.mlp.gate.weight,"[256, 2 048]",BF16
model.language_model.layers.14.post_attention_layernorm.weight,[2 048],BF16
model.language_model.layers.15.input_layernorm.weight,[2 048],BF16
model.language_model.layers.15.mlp.shared_expert.down_proj.weight,"[2 048, 512]",BF16
model.language_model.layers.15.mlp.shared_expert.gate_proj.weight,"[512, 2 048]",BF16
model.language_model.layers.15.mlp.shared_expert.up_proj.weight,"[512, 2 048]",BF16
model.language_model.layers.15.mlp.shared_expert_gate.weight,"[1, 2 048]",BF16
model.language_model.layers.15.mlp.experts.down_proj,"[256, 2 048, 512]",BF16
model.language_model.layers.15.mlp.experts.gate_up_proj,"[256, 1 024, 2 048]",BF16
model.language_model.layers.15.mlp.gate.weight,"[256, 2 048]",BF16
model.language_model.layers.15.post_attention_layernorm.weight,[2 048],BF16
model.language_model.layers.15.self_attn.k_norm.weight,[256],BF16
model.language_model.layers.15.self_attn.k_proj.weight,"[512, 2 048]",BF16
model.language_model.layers.15.self_attn.o_proj.weight,"[2 048, 4 096]",BF16
model.language_model.layers.15.self_attn.q_norm.weight,[256],BF16
model.language_model.layers.15.self_attn.q_proj.weight,"[8 192, 2 048]",BF16
model.language_model.layers.15.self_attn.v_proj.weight,"[512, 2 048]",BF16
model.language_model.layers.16.input_layernorm.weight,[2 048],BF16
model.language_model.layers.16.linear_attn.A_log,[32],BF16
model.language_model.layers.16.linear_attn.conv1d.weight,"[8 192, 1, 4]",BF16
model.language_model.layers.16.linear_attn.dt_bias,[32],BF16
model.language_model.layers.16.linear_attn.in_proj_a.weight,"[32, 2 048]",BF16
model.language_model.layers.16.linear_attn.in_proj_b.weight,"[32, 2 048]",BF16
model.language_model.layers.16.linear_attn.in_proj_qkv.weight,"[8 192, 2 048]",BF16
model.language_model.layers.16.linear_attn.in_proj_z.weight,"[4 096, 2 048]",BF16
model.language_model.layers.16.linear_attn.norm.weight,[128],BF16
model.language_model.layers.16.linear_attn.out_proj.weight,"[2 048, 4 096]",BF16
model.language_model.layers.16.mlp.shared_expert.down_proj.weight,"[2 048, 512]",BF16
model.language_model.layers.16.mlp.shared_expert.gate_proj.weight,"[512, 2 048]",BF16
model.language_model.layers.16.mlp.shared_expert.up_proj.weight,"[512, 2 048]",BF16
model.language_model.layers.16.mlp.shared_expert_gate.weight,"[1, 2 048]",BF16
model.language_model.layers.16.mlp.experts.down_proj,"[256, 2 048, 512]",BF16
model.language_model.layers.16.mlp.experts.gate_up_proj,"[256, 1 024, 2 048]",BF16
model.language_model.layers.16.mlp.gate.weight,"[256, 2 048]",BF16
model.language_model.layers.16.post_attention_layernorm.weight,[2 048],BF16
model.language_model.layers.17.input_layernorm.weight,[2 048],BF16
model.language_model.layers.17.linear_attn.A_log,[32],BF16
model.language_model.layers.17.linear_attn.conv1d.weight,"[8 192, 1, 4]",BF16
model.language_model.layers.17.linear_attn.dt_bias,[32],BF16
model.language_model.layers.17.linear_attn.in_proj_a.weight,"[32, 2 048]",BF16
model.language_model.layers.17.linear_attn.in_proj_b.weight,"[32, 2 048]",BF16
model.language_model.layers.17.linear_attn.in_proj_qkv.weight,"[8 192, 2 048]",BF16
model.language_model.layers.17.linear_attn.in_proj_z.weight,"[4 096, 2 048]",BF16
model.language_model.layers.17.linear_attn.norm.weight,[128],BF16
model.language_model.layers.17.linear_attn.out_proj.weight,"[2 048, 4 096]",BF16
model.language_model.layers.17.mlp.shared_expert.down_proj.weight,"[2 048, 512]",BF16
model.language_model.layers.17.mlp.shared_expert.gate_proj.weight,"[512, 2 048]",BF16
model.language_model.layers.17.mlp.shared_expert.up_proj.weight,"[512, 2 048]",BF16
model.language_model.layers.17.mlp.shared_expert_gate.weight,"[1, 2 048]",BF16
model.language_model.layers.17.mlp.experts.down_proj,"[256, 2 048, 512]",BF16
model.language_model.layers.17.mlp.experts.gate_up_proj,"[256, 1 024, 2 048]",BF16
model.language_model.layers.17.mlp.gate.weight,"[256, 2 048]",BF16
model.language_model.layers.17.post_attention_layernorm.weight,[2 048],BF16
model.language_model.layers.18.input_layernorm.weight,[2 048],BF16
model.language_model.layers.18.linear_attn.A_log,[32],BF16
model.language_model.layers.18.linear_attn.conv1d.weight,"[8 192, 1, 4]",BF16
model.language_model.layers.18.linear_attn.dt_bias,[32],BF16
model.language_model.layers.18.linear_attn.in_proj_a.weight,"[32, 2 048]",BF16
model.language_model.layers.18.linear_attn.in_proj_b.weight,"[32, 2 048]",BF16
model.language_model.layers.18.linear_attn.in_proj_qkv.weight,"[8 192, 2 048]",BF16
model.language_model.layers.18.linear_attn.in_proj_z.weight,"[4 096, 2 048]",BF16
model.language_model.layers.18.linear_attn.norm.weight,[128],BF16
model.language_model.layers.18.linear_attn.out_proj.weight,"[2 048, 4 096]",BF16
model.language_model.layers.18.mlp.shared_expert.down_proj.weight,"[2 048, 512]",BF16
model.language_model.layers.18.mlp.shared_expert.gate_proj.weight,"[512, 2 048]",BF16
model.language_model.layers.18.mlp.shared_expert.up_proj.weight,"[512, 2 048]",BF16
model.language_model.layers.18.mlp.shared_expert_gate.weight,"[1, 2 048]",BF16
model.language_model.layers.18.mlp.experts.down_proj,"[256, 2 048, 512]",BF16
model.language_model.layers.18.mlp.experts.gate_up_proj,"[256, 1 024, 2 048]",BF16
model.language_model.layers.18.mlp.gate.weight,"[256, 2 048]",BF16
model.language_model.layers.18.post_attention_layernorm.weight,[2 048],BF16
model.language_model.layers.19.input_layernorm.weight,[2 048],BF16
model.language_model.layers.19.mlp.shared_expert.down_proj.weight,"[2 048, 512]",BF16
model.language_model.layers.19.mlp.shared_expert.gate_proj.weight,"[512, 2 048]",BF16
model.language_model.layers.19.mlp.shared_expert.up_proj.weight,"[512, 2 048]",BF16
model.language_model.layers.19.mlp.shared_expert_gate.weight,"[1, 2 048]",BF16
model.language_model.layers.19.mlp.experts.down_proj,"[256, 2 048, 512]",BF16
model.language_model.layers.19.mlp.experts.gate_up_proj,"[256, 1 024, 2 048]",BF16
model.language_model.layers.19.mlp.gate.weight,"[256, 2 048]",BF16
model.language_model.layers.19.post_attention_layernorm.weight,[2 048],BF16
model.language_model.layers.19.self_attn.k_norm.weight,[256],BF16
model.language_model.layers.19.self_attn.k_proj.weight,"[512, 2 048]",BF16
model.language_model.layers.19.self_attn.o_proj.weight,"[2 048, 4 096]",BF16
model.language_model.layers.19.self_attn.q_norm.weight,[256],BF16
model.language_model.layers.19.self_attn.q_proj.weight,"[8 192, 2 048]",BF16
model.language_model.layers.19.self_attn.v_proj.weight,"[512, 2 048]",BF16
model.language_model.layers.20.input_layernorm.weight,[2 048],BF16
model.language_model.layers.20.linear_attn.A_log,[32],BF16
model.language_model.layers.20.linear_attn.conv1d.weight,"[8 192, 1, 4]",BF16
model.language_model.layers.20.linear_attn.dt_bias,[32],BF16
model.language_model.layers.20.linear_attn.in_proj_a.weight,"[32, 2 048]",BF16
model.language_model.layers.20.linear_attn.in_proj_b.weight,"[32, 2 048]",BF16
model.language_model.layers.20.linear_attn.in_proj_qkv.weight,"[8 192, 2 048]",BF16
model.language_model.layers.20.linear_attn.in_proj_z.weight,"[4 096, 2 048]",BF16
model.language_model.layers.20.linear_attn.norm.weight,[128],BF16
model.language_model.layers.20.linear_attn.out_proj.weight,"[2 048, 4 096]",BF16
model.language_model.layers.20.mlp.shared_expert.down_proj.weight,"[2 048, 512]",BF16
model.language_model.layers.20.mlp.shared_expert.gate_proj.weight,"[512, 2 048]",BF16
model.language_model.layers.20.mlp.shared_expert.up_proj.weight,"[512, 2 048]",BF16
model.language_model.layers.20.mlp.shared_expert_gate.weight,"[1, 2 048]",BF16
model.language_model.layers.20.mlp.experts.down_proj,"[256, 2 048, 512]",BF16
model.language_model.layers.20.mlp.experts.gate_up_proj,"[256, 1 024, 2 048]",BF16
model.language_model.layers.20.mlp.gate.weight,"[256, 2 048]",BF16
model.language_model.layers.20.post_attention_layernorm.weight,[2 048],BF16
model.language_model.layers.21.input_layernorm.weight,[2 048],BF16
model.language_model.layers.21.linear_attn.A_log,[32],BF16
model.language_model.layers.21.linear_attn.conv1d.weight,"[8 192, 1, 4]",BF16
model.language_model.layers.21.linear_attn.dt_bias,[32],BF16
model.language_model.layers.21.linear_attn.in_proj_a.weight,"[32, 2 048]",BF16
model.language_model.layers.21.linear_attn.in_proj_b.weight,"[32, 2 048]",BF16
model.language_model.layers.21.linear_attn.in_proj_qkv.weight,"[8 192, 2 048]",BF16
model.language_model.layers.21.linear_attn.in_proj_z.weight,"[4 096, 2 048]",BF16
model.language_model.layers.21.linear_attn.norm.weight,[128],BF16
model.language_model.layers.21.linear_attn.out_proj.weight,"[2 048, 4 096]",BF16
model.language_model.layers.21.mlp.shared_expert.down_proj.weight,"[2 048, 512]",BF16
model.language_model.layers.21.mlp.shared_expert.gate_proj.weight,"[512, 2 048]",BF16
model.language_model.layers.21.mlp.shared_expert.up_proj.weight,"[512, 2 048]",BF16
model.language_model.layers.21.mlp.shared_expert_gate.weight,"[1, 2 048]",BF16
model.language_model.layers.21.mlp.experts.down_proj,"[256, 2 048, 512]",BF16
model.language_model.layers.21.mlp.experts.gate_up_proj,"[256, 1 024, 2 048]",BF16
model.language_model.layers.21.mlp.gate.weight,"[256, 2 048]",BF16
model.language_model.layers.21.post_attention_layernorm.weight,[2 048],BF16
model.language_model.layers.22.input_layernorm.weight,[2 048],BF16
model.language_model.layers.22.linear_attn.A_log,[32],BF16
model.language_model.layers.22.linear_attn.conv1d.weight,"[8 192, 1, 4]",BF16
model.language_model.layers.22.linear_attn.dt_bias,[32],BF16
model.language_model.layers.22.linear_attn.in_proj_a.weight,"[32, 2 048]",BF16
model.language_model.layers.22.linear_attn.in_proj_b.weight,"[32, 2 048]",BF16
model.language_model.layers.22.linear_attn.in_proj_qkv.weight,"[8 192, 2 048]",BF16
model.language_model.layers.22.linear_attn.in_proj_z.weight,"[4 096, 2 048]",BF16
model.language_model.layers.22.linear_attn.norm.weight,[128],BF16
model.language_model.layers.22.linear_attn.out_proj.weight,"[2 048, 4 096]",BF16
model.language_model.layers.22.mlp.shared_expert.down_proj.weight,"[2 048, 512]",BF16
model.language_model.layers.22.mlp.shared_expert.gate_proj.weight,"[512, 2 048]",BF16
model.language_model.layers.22.mlp.shared_expert.up_proj.weight,"[512, 2 048]",BF16
model.language_model.layers.22.mlp.shared_expert_gate.weight,"[1, 2 048]",BF16
model.language_model.layers.22.mlp.experts.down_proj,"[256, 2 048, 512]",BF16
model.language_model.layers.22.mlp.experts.gate_up_proj,"[256, 1 024, 2 048]",BF16
model.language_model.layers.22.mlp.gate.weight,"[256, 2 048]",BF16
model.language_model.layers.22.post_attention_layernorm.weight,[2 048],BF16
model.language_model.layers.23.input_layernorm.weight,[2 048],BF16
model.language_model.layers.23.mlp.shared_expert.down_proj.weight,"[2 048, 512]",BF16
model.language_model.layers.23.mlp.shared_expert.gate_proj.weight,"[512, 2 048]",BF16
model.language_model.layers.23.mlp.shared_expert.up_proj.weight,"[512, 2 048]",BF16
model.language_model.layers.23.mlp.shared_expert_gate.weight,"[1, 2 048]",BF16
model.language_model.layers.23.mlp.experts.down_proj,"[256, 2 048, 512]",BF16
model.language_model.layers.23.mlp.experts.gate_up_proj,"[256, 1 024, 2 048]",BF16
model.language_model.layers.23.mlp.gate.weight,"[256, 2 048]",BF16
model.language_model.layers.23.post_attention_layernorm.weight,[2 048],BF16
model.language_model.layers.23.self_attn.k_norm.weight,[256],BF16
model.language_model.layers.23.self_attn.k_proj.weight,"[512, 2 048]",BF16
model.language_model.layers.23.self_attn.o_proj.weight,"[2 048, 4 096]",BF16
model.language_model.layers.23.self_attn.q_norm.weight,[256],BF16
model.language_model.layers.23.self_attn.q_proj.weight,"[8 192, 2 048]",BF16
model.language_model.layers.23.self_attn.v_proj.weight,"[512, 2 048]",BF16
model.language_model.layers.24.input_layernorm.weight,[2 048],BF16
model.language_model.layers.24.linear_attn.A_log,[32],BF16
model.language_model.layers.24.linear_attn.conv1d.weight,"[8 192, 1, 4]",BF16
model.language_model.layers.24.linear_attn.dt_bias,[32],BF16
model.language_model.layers.24.linear_attn.in_proj_a.weight,"[32, 2 048]",BF16
model.language_model.layers.24.linear_attn.in_proj_b.weight,"[32, 2 048]",BF16
model.language_model.layers.24.linear_attn.in_proj_qkv.weight,"[8 192, 2 048]",BF16
model.language_model.layers.24.linear_attn.in_proj_z.weight,"[4 096, 2 048]",BF16
model.language_model.layers.24.linear_attn.norm.weight,[128],BF16
model.language_model.layers.24.linear_attn.out_proj.weight,"[2 048, 4 096]",BF16
model.language_model.layers.24.mlp.shared_expert.down_proj.weight,"[2 048, 512]",BF16
model.language_model.layers.24.mlp.shared_expert.gate_proj.weight,"[512, 2 048]",BF16
model.language_model.layers.24.mlp.shared_expert.up_proj.weight,"[512, 2 048]",BF16
model.language_model.layers.24.mlp.shared_expert_gate.weight,"[1, 2 048]",BF16
model.language_model.layers.24.mlp.experts.down_proj,"[256, 2 048, 512]",BF16
model.language_model.layers.24.mlp.experts.gate_up_proj,"[256, 1 024, 2 048]",BF16
model.language_model.layers.24.mlp.gate.weight,"[256, 2 048]",BF16
model.language_model.layers.24.post_attention_layernorm.weight,[2 048],BF16
model.language_model.layers.25.input_layernorm.weight,[2 048],BF16
model.language_model.layers.25.linear_attn.A_log,[32],BF16
model.language_model.layers.25.linear_attn.conv1d.weight,"[8 192, 1, 4]",BF16
model.language_model.layers.25.linear_attn.dt_bias,[32],BF16
model.language_model.layers.25.linear_attn.in_proj_a.weight,"[32, 2 048]",BF16
model.language_model.layers.25.linear_attn.in_proj_b.weight,"[32, 2 048]",BF16
model.language_model.layers.25.linear_attn.in_proj_qkv.weight,"[8 192, 2 048]",BF16
model.language_model.layers.25.linear_attn.in_proj_z.weight,"[4 096, 2 048]",BF16
model.language_model.layers.25.linear_attn.norm.weight,[128],BF16
model.language_model.layers.25.linear_attn.out_proj.weight,"[2 048, 4 096]",BF16
model.language_model.layers.25.mlp.shared_expert.down_proj.weight,"[2 048, 512]",BF16
model.language_model.layers.25.mlp.shared_expert.gate_proj.weight,"[512, 2 048]",BF16
model.language_model.layers.25.mlp.shared_expert.up_proj.weight,"[512, 2 048]",BF16
model.language_model.layers.25.mlp.shared_expert_gate.weight,"[1, 2 048]",BF16
model.language_model.layers.25.mlp.experts.down_proj,"[256, 2 048, 512]",BF16
model.language_model.layers.25.mlp.experts.gate_up_proj,"[256, 1 024, 2 048]",BF16
model.language_model.layers.25.mlp.gate.weight,"[256, 2 048]",BF16
model.language_model.layers.25.post_attention_layernorm.weight,[2 048],BF16
model.language_model.layers.26.input_layernorm.weight,[2 048],BF16
model.language_model.layers.26.linear_attn.A_log,[32],BF16
model.language_model.layers.26.linear_attn.conv1d.weight,"[8 192, 1, 4]",BF16
model.language_model.layers.26.linear_attn.dt_bias,[32],BF16
model.language_model.layers.26.linear_attn.in_proj_a.weight,"[32, 2 048]",BF16
model.language_model.layers.26.linear_attn.in_proj_b.weight,"[32, 2 048]",BF16
model.language_model.layers.26.linear_attn.in_proj_qkv.weight,"[8 192, 2 048]",BF16
model.language_model.layers.26.linear_attn.in_proj_z.weight,"[4 096, 2 048]",BF16
model.language_model.layers.26.linear_attn.norm.weight,[128],BF16
model.language_model.layers.26.linear_attn.out_proj.weight,"[2 048, 4 096]",BF16
model.language_model.layers.26.mlp.shared_expert.down_proj.weight,"[2 048, 512]",BF16
model.language_model.layers.26.mlp.shared_expert.gate_proj.weight,"[512, 2 048]",BF16
model.language_model.layers.26.mlp.shared_expert.up_proj.weight,"[512, 2 048]",BF16
model.language_model.layers.26.mlp.shared_expert_gate.weight,"[1, 2 048]",BF16
model.language_model.layers.26.mlp.experts.down_proj,"[256, 2 048, 512]",BF16
model.language_model.layers.26.mlp.experts.gate_up_proj,"[256, 1 024, 2 048]",BF16
model.language_model.layers.26.mlp.gate.weight,"[256, 2 048]",BF16
model.language_model.layers.26.post_attention_layernorm.weight,[2 048],BF16
model.language_model.layers.27.input_layernorm.weight,[2 048],BF16
model.language_model.layers.27.mlp.shared_expert.down_proj.weight,"[2 048, 512]",BF16
model.language_model.layers.27.mlp.shared_expert.gate_proj.weight,"[512, 2 048]",BF16
model.language_model.layers.27.mlp.shared_expert.up_proj.weight,"[512, 2 048]",BF16
model.language_model.layers.27.mlp.shared_expert_gate.weight,"[1, 2 048]",BF16
model.language_model.layers.27.mlp.experts.down_proj,"[256, 2 048, 512]",BF16
model.language_model.layers.27.mlp.experts.gate_up_proj,"[256, 1 024, 2 048]",BF16
model.language_model.layers.27.mlp.gate.weight,"[256, 2 048]",BF16
model.language_model.layers.27.post_attention_layernorm.weight,[2 048],BF16
model.language_model.layers.27.self_attn.k_norm.weight,[256],BF16
model.language_model.layers.27.self_attn.k_proj.weight,"[512, 2 048]",BF16
model.language_model.layers.27.self_attn.o_proj.weight,"[2 048, 4 096]",BF16
model.language_model.layers.27.self_attn.q_norm.weight,[256],BF16
model.language_model.layers.27.self_attn.q_proj.weight,"[8 192, 2 048]",BF16
model.language_model.layers.27.self_attn.v_proj.weight,"[512, 2 048]",BF16
model.language_model.layers.28.input_layernorm.weight,[2 048],BF16
model.language_model.layers.28.linear_attn.A_log,[32],BF16
model.language_model.layers.28.linear_attn.conv1d.weight,"[8 192, 1, 4]",BF16
model.language_model.layers.28.linear_attn.dt_bias,[32],BF16
model.language_model.layers.28.linear_attn.in_proj_a.weight,"[32, 2 048]",BF16
model.language_model.layers.28.linear_attn.in_proj_b.weight,"[32, 2 048]",BF16
model.language_model.layers.28.linear_attn.in_proj_qkv.weight,"[8 192, 2 048]",BF16
model.language_model.layers.28.linear_attn.in_proj_z.weight,"[4 096, 2 048]",BF16
model.language_model.layers.28.linear_attn.norm.weight,[128],BF16
model.language_model.layers.28.linear_attn.out_proj.weight,"[2 048, 4 096]",BF16
model.language_model.layers.28.mlp.shared_expert.down_proj.weight,"[2 048, 512]",BF16
model.language_model.layers.28.mlp.shared_expert.gate_proj.weight,"[512, 2 048]",BF16
model.language_model.layers.28.mlp.shared_expert.up_proj.weight,"[512, 2 048]",BF16
model.language_model.layers.28.mlp.shared_expert_gate.weight,"[1, 2 048]",BF16
model.language_model.layers.28.mlp.experts.down_proj,"[256, 2 048, 512]",BF16
model.language_model.layers.28.mlp.experts.gate_up_proj,"[256, 1 024, 2 048]",BF16
model.language_model.layers.28.mlp.gate.weight,"[256, 2 048]",BF16
model.language_model.layers.28.post_attention_layernorm.weight,[2 048],BF16
model.language_model.layers.29.input_layernorm.weight,[2 048],BF16
model.language_model.layers.29.linear_attn.A_log,[32],BF16
model.language_model.layers.29.linear_attn.conv1d.weight,"[8 192, 1, 4]",BF16
model.language_model.layers.29.linear_attn.dt_bias,[32],BF16
model.language_model.layers.29.linear_attn.in_proj_a.weight,"[32, 2 048]",BF16
model.language_model.layers.29.linear_attn.in_proj_b.weight,"[32, 2 048]",BF16
model.language_model.layers.29.linear_attn.in_proj_qkv.weight,"[8 192, 2 048]",BF16
model.language_model.layers.29.linear_attn.in_proj_z.weight,"[4 096, 2 048]",BF16
model.language_model.layers.29.linear_attn.norm.weight,[128],BF16
model.language_model.layers.29.linear_attn.out_proj.weight,"[2 048, 4 096]",BF16
model.language_model.layers.29.mlp.shared_expert.down_proj.weight,"[2 048, 512]",BF16
model.language_model.layers.29.mlp.shared_expert.gate_proj.weight,"[512, 2 048]",BF16
model.language_model.layers.29.mlp.shared_expert.up_proj.weight,"[512, 2 048]",BF16
model.language_model.layers.29.mlp.shared_expert_gate.weight,"[1, 2 048]",BF16
model.language_model.layers.29.mlp.experts.down_proj,"[256, 2 048, 512]",BF16
model.language_model.layers.29.mlp.experts.gate_up_proj,"[256, 1 024, 2 048]",BF16
model.language_model.layers.29.mlp.gate.weight,"[256, 2 048]",BF16
model.language_model.layers.29.post_attention_layernorm.weight,[2 048],BF16
model.language_model.layers.30.input_layernorm.weight,[2 048],BF16
model.language_model.layers.30.linear_attn.A_log,[32],BF16
model.language_model.layers.30.linear_attn.conv1d.weight,"[8 192, 1, 4]",BF16
model.language_model.layers.30.linear_attn.dt_bias,[32],BF16
model.language_model.layers.30.linear_attn.in_proj_a.weight,"[32, 2 048]",BF16
model.language_model.layers.30.linear_attn.in_proj_b.weight,"[32, 2 048]",BF16
model.language_model.layers.30.linear_attn.in_proj_qkv.weight,"[8 192, 2 048]",BF16
model.language_model.layers.30.linear_attn.in_proj_z.weight,"[4 096, 2 048]",BF16
model.language_model.layers.30.linear_attn.norm.weight,[128],BF16
model.language_model.layers.30.linear_attn.out_proj.weight,"[2 048, 4 096]",BF16
model.language_model.layers.30.mlp.shared_expert.down_proj.weight,"[2 048, 512]",BF16
model.language_model.layers.30.mlp.shared_expert.gate_proj.weight,"[512, 2 048]",BF16
model.language_model.layers.30.mlp.shared_expert.up_proj.weight,"[512, 2 048]",BF16
model.language_model.layers.30.mlp.shared_expert_gate.weight,"[1, 2 048]",BF16
model.language_model.layers.30.mlp.experts.down_proj,"[256, 2 048, 512]",BF16
model.language_model.layers.30.mlp.experts.gate_up_proj,"[256, 1 024, 2 048]",BF16
model.language_model.layers.30.mlp.gate.weight,"[256, 2 048]",BF16
model.language_model.layers.30.post_attention_layernorm.weight,[2 048],BF16
model.language_model.layers.31.input_layernorm.weight,[2 048],BF16
model.language_model.layers.31.mlp.shared_expert.down_proj.weight,"[2 048, 512]",BF16
model.language_model.layers.31.mlp.shared_expert.gate_proj.weight,"[512, 2 048]",BF16
model.language_model.layers.31.mlp.shared_expert.up_proj.weight,"[512, 2 048]",BF16
model.language_model.layers.31.mlp.shared_expert_gate.weight,"[1, 2 048]",BF16
model.language_model.layers.31.mlp.experts.down_proj,"[256, 2 048, 512]",BF16
model.language_model.layers.31.mlp.experts.gate_up_proj,"[256, 1 024, 2 048]",BF16
model.language_model.layers.31.mlp.gate.weight,"[256, 2 048]",BF16
model.language_model.layers.31.post_attention_layernorm.weight,[2 048],BF16
model.language_model.layers.31.self_attn.k_norm.weight,[256],BF16
model.language_model.layers.31.self_attn.k_proj.weight,"[512, 2 048]",BF16
model.language_model.layers.31.self_attn.o_proj.weight,"[2 048, 4 096]",BF16
model.language_model.layers.31.self_attn.q_norm.weight,[256],BF16
model.language_model.layers.31.self_attn.q_proj.weight,"[8 192, 2 048]",BF16
model.language_model.layers.31.self_attn.v_proj.weight,"[512, 2 048]",BF16
model.language_model.layers.32.input_layernorm.weight,[2 048],BF16
model.language_model.layers.32.linear_attn.A_log,[32],BF16
model.language_model.layers.32.linear_attn.conv1d.weight,"[8 192, 1, 4]",BF16
model.language_model.layers.32.linear_attn.dt_bias,[32],BF16
model.language_model.layers.32.linear_attn.in_proj_a.weight,"[32, 2 048]",BF16
model.language_model.layers.32.linear_attn.in_proj_b.weight,"[32, 2 048]",BF16
model.language_model.layers.32.linear_attn.in_proj_qkv.weight,"[8 192, 2 048]",BF16
model.language_model.layers.32.linear_attn.in_proj_z.weight,"[4 096, 2 048]",BF16
model.language_model.layers.32.linear_attn.norm.weight,[128],BF16
model.language_model.layers.32.linear_attn.out_proj.weight,"[2 048, 4 096]",BF16
model.language_model.layers.32.mlp.shared_expert.down_proj.weight,"[2 048, 512]",BF16
model.language_model.layers.32.mlp.shared_expert.gate_proj.weight,"[512, 2 048]",BF16
model.language_model.layers.32.mlp.shared_expert.up_proj.weight,"[512, 2 048]",BF16
model.language_model.layers.32.mlp.shared_expert_gate.weight,"[1, 2 048]",BF16
model.language_model.layers.32.mlp.experts.down_proj,"[256, 2 048, 512]",BF16
model.language_model.layers.32.mlp.experts.gate_up_proj,"[256, 1 024, 2 048]",BF16
model.language_model.layers.32.mlp.gate.weight,"[256, 2 048]",BF16
model.language_model.layers.32.post_attention_layernorm.weight,[2 048],BF16
model.language_model.layers.33.input_layernorm.weight,[2 048],BF16
model.language_model.layers.33.linear_attn.A_log,[32],BF16
model.language_model.layers.33.linear_attn.conv1d.weight,"[8 192, 1, 4]",BF16
model.language_model.layers.33.linear_attn.dt_bias,[32],BF16
model.language_model.layers.33.linear_attn.in_proj_a.weight,"[32, 2 048]",BF16
model.language_model.layers.33.linear_attn.in_proj_b.weight,"[32, 2 048]",BF16
model.language_model.layers.33.linear_attn.in_proj_qkv.weight,"[8 192, 2 048]",BF16
model.language_model.layers.33.linear_attn.in_proj_z.weight,"[4 096, 2 048]",BF16
model.language_model.layers.33.linear_attn.norm.weight,[128],BF16
model.language_model.layers.33.linear_attn.out_proj.weight,"[2 048, 4 096]",BF16
model.language_model.layers.33.mlp.shared_expert.down_proj.weight,"[2 048, 512]",BF16
model.language_model.layers.33.mlp.shared_expert.gate_proj.weight,"[512, 2 048]",BF16
model.language_model.layers.33.mlp.shared_expert.up_proj.weight,"[512, 2 048]",BF16
model.language_model.layers.33.mlp.shared_expert_gate.weight,"[1, 2 048]",BF16
model.language_model.layers.33.mlp.experts.down_proj,"[256, 2 048, 512]",BF16
model.language_model.layers.33.mlp.experts.gate_up_proj,"[256, 1 024, 2 048]",BF16
model.language_model.layers.33.mlp.gate.weight,"[256, 2 048]",BF16
model.language_model.layers.33.post_attention_layernorm.weight,[2 048],BF16
model.language_model.layers.34.input_layernorm.weight,[2 048],BF16
model.language_model.layers.34.linear_attn.A_log,[32],BF16
model.language_model.layers.34.linear_attn.conv1d.weight,"[8 192, 1, 4]",BF16
model.language_model.layers.34.linear_attn.dt_bias,[32],BF16
model.language_model.layers.34.linear_attn.in_proj_a.weight,"[32, 2 048]",BF16
model.language_model.layers.34.linear_attn.in_proj_b.weight,"[32, 2 048]",BF16
model.language_model.layers.34.linear_attn.in_proj_qkv.weight,"[8 192, 2 048]",BF16
model.language_model.layers.34.linear_attn.in_proj_z.weight,"[4 096, 2 048]",BF16
model.language_model.layers.34.linear_attn.norm.weight,[128],BF16
model.language_model.layers.34.linear_attn.out_proj.weight,"[2 048, 4 096]",BF16
model.language_model.layers.34.mlp.shared_expert.down_proj.weight,"[2 048, 512]",BF16
model.language_model.layers.34.mlp.shared_expert.gate_proj.weight,"[512, 2 048]",BF16
model.language_model.layers.34.mlp.shared_expert.up_proj.weight,"[512, 2 048]",BF16
model.language_model.layers.34.mlp.shared_expert_gate.weight,"[1, 2 048]",BF16
model.language_model.layers.34.mlp.experts.down_proj,"[256, 2 048, 512]",BF16
model.language_model.layers.34.mlp.experts.gate_up_proj,"[256, 1 024, 2 048]",BF16
model.language_model.layers.34.mlp.gate.weight,"[256, 2 048]",BF16
model.language_model.layers.34.post_attention_layernorm.weight,[2 048],BF16
model.language_model.layers.35.input_layernorm.weight,[2 048],BF16
model.language_model.layers.35.mlp.shared_expert.down_proj.weight,"[2 048, 512]",BF16
model.language_model.layers.35.mlp.shared_expert.gate_proj.weight,"[512, 2 048]",BF16
model.language_model.layers.35.mlp.shared_expert.up_proj.weight,"[512, 2 048]",BF16
model.language_model.layers.35.mlp.shared_expert_gate.weight,"[1, 2 048]",BF16
model.language_model.layers.35.mlp.experts.down_proj,"[256, 2 048, 512]",BF16
model.language_model.layers.35.mlp.experts.gate_up_proj,"[256, 1 024, 2 048]",BF16
model.language_model.layers.35.mlp.gate.weight,"[256, 2 048]",BF16
model.language_model.layers.35.post_attention_layernorm.weight,[2 048],BF16
model.language_model.layers.35.self_attn.k_norm.weight,[256],BF16
model.language_model.layers.35.self_attn.k_proj.weight,"[512, 2 048]",BF16
model.language_model.layers.35.self_attn.o_proj.weight,"[2 048, 4 096]",BF16
model.language_model.layers.35.self_attn.q_norm.weight,[256],BF16
model.language_model.layers.35.self_attn.q_proj.weight,"[8 192, 2 048]",BF16
model.language_model.layers.35.self_attn.v_proj.weight,"[512, 2 048]",BF16
model.language_model.layers.36.input_layernorm.weight,[2 048],BF16
model.language_model.layers.36.linear_attn.A_log,[32],BF16
model.language_model.layers.36.linear_attn.conv1d.weight,"[8 192, 1, 4]",BF16
model.language_model.layers.36.linear_attn.dt_bias,[32],BF16
model.language_model.layers.36.linear_attn.in_proj_a.weight,"[32, 2 048]",BF16
model.language_model.layers.36.linear_attn.in_proj_b.weight,"[32, 2 048]",BF16
model.language_model.layers.36.linear_attn.in_proj_qkv.weight,"[8 192, 2 048]",BF16
model.language_model.layers.36.linear_attn.in_proj_z.weight,"[4 096, 2 048]",BF16
model.language_model.layers.36.linear_attn.norm.weight,[128],BF16
model.language_model.layers.36.linear_attn.out_proj.weight,"[2 048, 4 096]",BF16
model.language_model.layers.36.mlp.shared_expert.down_proj.weight,"[2 048, 512]",BF16
model.language_model.layers.36.mlp.shared_expert.gate_proj.weight,"[512, 2 048]",BF16
model.language_model.layers.36.mlp.shared_expert.up_proj.weight,"[512, 2 048]",BF16
model.language_model.layers.36.mlp.shared_expert_gate.weight,"[1, 2 048]",BF16
model.language_model.layers.36.mlp.experts.down_proj,"[256, 2 048, 512]",BF16
model.language_model.layers.36.mlp.experts.gate_up_proj,"[256, 1 024, 2 048]",BF16
model.language_model.layers.36.mlp.gate.weight,"[256, 2 048]",BF16
model.language_model.layers.36.post_attention_layernorm.weight,[2 048],BF16
model.language_model.layers.37.input_layernorm.weight,[2 048],BF16
model.language_model.layers.37.linear_attn.A_log,[32],BF16
model.language_model.layers.37.linear_attn.conv1d.weight,"[8 192, 1, 4]",BF16
model.language_model.layers.37.linear_attn.dt_bias,[32],BF16
model.language_model.layers.37.linear_attn.in_proj_a.weight,"[32, 2 048]",BF16
model.language_model.layers.37.linear_attn.in_proj_b.weight,"[32, 2 048]",BF16
model.language_model.layers.37.linear_attn.in_proj_qkv.weight,"[8 192, 2 048]",BF16
model.language_model.layers.37.linear_attn.in_proj_z.weight,"[4 096, 2 048]",BF16
model.language_model.layers.37.linear_attn.norm.weight,[128],BF16
model.language_model.layers.37.linear_attn.out_proj.weight,"[2 048, 4 096]",BF16
model.language_model.layers.37.mlp.shared_expert.down_proj.weight,"[2 048, 512]",BF16
model.language_model.layers.37.mlp.shared_expert.gate_proj.weight,"[512, 2 048]",BF16
model.language_model.layers.37.mlp.shared_expert.up_proj.weight,"[512, 2 048]",BF16
model.language_model.layers.37.mlp.shared_expert_gate.weight,"[1, 2 048]",BF16
model.language_model.layers.37.mlp.experts.down_proj,"[256, 2 048, 512]",BF16
model.language_model.layers.37.mlp.experts.gate_up_proj,"[256, 1 024, 2 048]",BF16
model.language_model.layers.37.mlp.gate.weight,"[256, 2 048]",BF16
model.language_model.layers.37.post_attention_layernorm.weight,[2 048],BF16
model.language_model.layers.38.input_layernorm.weight,[2 048],BF16
model.language_model.layers.38.linear_attn.A_log,[32],BF16
model.language_model.layers.38.linear_attn.conv1d.weight,"[8 192, 1, 4]",BF16
model.language_model.layers.38.linear_attn.dt_bias,[32],BF16
model.language_model.layers.38.linear_attn.in_proj_a.weight,"[32, 2 048]",BF16
model.language_model.layers.38.linear_attn.in_proj_b.weight,"[32, 2 048]",BF16
model.language_model.layers.38.linear_attn.in_proj_qkv.weight,"[8 192, 2 048]",BF16
model.language_model.layers.38.linear_attn.in_proj_z.weight,"[4 096, 2 048]",BF16
model.language_model.layers.38.linear_attn.norm.weight,[128],BF16
model.language_model.layers.38.linear_attn.out_proj.weight,"[2 048, 4 096]",BF16
model.language_model.layers.38.mlp.shared_expert.down_proj.weight,"[2 048, 512]",BF16
model.language_model.layers.38.mlp.shared_expert.gate_proj.weight,"[512, 2 048]",BF16
model.language_model.layers.38.mlp.shared_expert.up_proj.weight,"[512, 2 048]",BF16
model.language_model.layers.38.mlp.shared_expert_gate.weight,"[1, 2 048]",BF16
model.language_model.layers.38.mlp.experts.down_proj,"[256, 2 048, 512]",BF16
model.language_model.layers.38.mlp.experts.gate_up_proj,"[256, 1 024, 2 048]",BF16
model.language_model.layers.38.mlp.gate.weight,"[256, 2 048]",BF16
model.language_model.layers.38.post_attention_layernorm.weight,[2 048],BF16
model.language_model.layers.39.input_layernorm.weight,[2 048],BF16
model.language_model.layers.39.mlp.shared_expert.down_proj.weight,"[2 048, 512]",BF16
model.language_model.layers.39.mlp.shared_expert.gate_proj.weight,"[512, 2 048]",BF16
model.language_model.layers.39.mlp.shared_expert.up_proj.weight,"[512, 2 048]",BF16
model.language_model.layers.39.mlp.shared_expert_gate.weight,"[1, 2 048]",BF16
model.language_model.layers.39.mlp.experts.down_proj,"[256, 2 048, 512]",BF16
model.language_model.layers.39.mlp.experts.gate_up_proj,"[256, 1 024, 2 048]",BF16
model.language_model.layers.39.mlp.gate.weight,"[256, 2 048]",BF16
model.language_model.layers.39.post_attention_layernorm.weight,[2 048],BF16
model.language_model.layers.39.self_attn.k_norm.weight,[256],BF16
model.language_model.layers.39.self_attn.k_proj.weight,"[512, 2 048]",BF16
model.language_model.layers.39.self_attn.o_proj.weight,"[2 048, 4 096]",BF16
model.language_model.layers.39.self_attn.q_norm.weight,[256],BF16
model.language_model.layers.39.self_attn.q_proj.weight,"[8 192, 2 048]",BF16
model.language_model.layers.39.self_attn.v_proj.weight,"[512, 2 048]",BF16
model.language_model.norm.weight,[2 048],BF16
model.visual.patch_embed.proj.bias,[1 152],BF16
model.visual.patch_embed.proj.weight,"[1 152, 3, 2, 16, 16]",BF16
model.visual.pos_embed.weight,"[2 304, 1 152]",BF16
model.visual.blocks.0.attn.proj.bias,[1 152],BF16
model.visual.blocks.0.attn.proj.weight,"[1 152, 1 152]",BF16
model.visual.blocks.0.attn.qkv.bias,[3 456],BF16
model.visual.blocks.0.attn.qkv.weight,"[3 456, 1 152]",BF16
model.visual.blocks.0.mlp.linear_fc1.bias,[4 304],BF16
model.visual.blocks.0.mlp.linear_fc1.weight,"[4 304, 1 152]",BF16
model.visual.blocks.0.mlp.linear_fc2.bias,[1 152],BF16
model.visual.blocks.0.mlp.linear_fc2.weight,"[1 152, 4 304]",BF16
model.visual.blocks.0.norm1.bias,[1 152],BF16
model.visual.blocks.0.norm1.weight,[1 152],BF16
model.visual.blocks.0.norm2.bias,[1 152],BF16
model.visual.blocks.0.norm2.weight,[1 152],BF16
model.visual.blocks.1.attn.proj.bias,[1 152],BF16
model.visual.blocks.1.attn.proj.weight,"[1 152, 1 152]",BF16
model.visual.blocks.1.attn.qkv.bias,[3 456],BF16
model.visual.blocks.1.attn.qkv.weight,"[3 456, 1 152]",BF16
model.visual.blocks.1.mlp.linear_fc1.bias,[4 304],BF16
model.visual.blocks.1.mlp.linear_fc1.weight,"[4 304, 1 152]",BF16
model.visual.blocks.1.mlp.linear_fc2.bias,[1 152],BF16
model.visual.blocks.1.mlp.linear_fc2.weight,"[1 152, 4 304]",BF16
model.visual.blocks.1.norm1.bias,[1 152],BF16
model.visual.blocks.1.norm1.weight,[1 152],BF16
model.visual.blocks.1.norm2.bias,[1 152],BF16
model.visual.blocks.1.norm2.weight,[1 152],BF16
model.visual.blocks.2.attn.proj.bias,[1 152],BF16
model.visual.blocks.2.attn.proj.weight,"[1 152, 1 152]",BF16
model.visual.blocks.2.attn.qkv.bias,[3 456],BF16
model.visual.blocks.2.attn.qkv.weight,"[3 456, 1 152]",BF16
model.visual.blocks.2.mlp.linear_fc1.bias,[4 304],BF16
model.visual.blocks.2.mlp.linear_fc1.weight,"[4 304, 1 152]",BF16
model.visual.blocks.2.mlp.linear_fc2.bias,[1 152],BF16
model.visual.blocks.2.mlp.linear_fc2.weight,"[1 152, 4 304]",BF16
model.visual.blocks.2.norm1.bias,[1 152],BF16
model.visual.blocks.2.norm1.weight,[1 152],BF16
model.visual.blocks.2.norm2.bias,[1 152],BF16
model.visual.blocks.2.norm2.weight,[1 152],BF16
model.visual.blocks.3.attn.proj.bias,[1 152],BF16
model.visual.blocks.3.attn.proj.weight,"[1 152, 1 152]",BF16
model.visual.blocks.3.attn.qkv.bias,[3 456],BF16
model.visual.blocks.3.attn.qkv.weight,"[3 456, 1 152]",BF16
model.visual.blocks.3.mlp.linear_fc1.bias,[4 304],BF16
model.visual.blocks.3.mlp.linear_fc1.weight,"[4 304, 1 152]",BF16
model.visual.blocks.3.mlp.linear_fc2.bias,[1 152],BF16
model.visual.blocks.3.mlp.linear_fc2.weight,"[1 152, 4 304]",BF16
model.visual.blocks.3.norm1.bias,[1 152],BF16
model.visual.blocks.3.norm1.weight,[1 152],BF16
model.visual.blocks.3.norm2.bias,[1 152],BF16
model.visual.blocks.3.norm2.weight,[1 152],BF16
model.visual.blocks.4.attn.proj.bias,[1 152],BF16
model.visual.blocks.4.attn.proj.weight,"[1 152, 1 152]",BF16
model.visual.blocks.4.attn.qkv.bias,[3 456],BF16
model.visual.blocks.4.attn.qkv.weight,"[3 456, 1 152]",BF16
model.visual.blocks.4.mlp.linear_fc1.bias,[4 304],BF16
model.visual.blocks.4.mlp.linear_fc1.weight,"[4 304, 1 152]",BF16
model.visual.blocks.4.mlp.linear_fc2.bias,[1 152],BF16
model.visual.blocks.4.mlp.linear_fc2.weight,"[1 152, 4 304]",BF16
model.visual.blocks.4.norm1.bias,[1 152],BF16
model.visual.blocks.4.norm1.weight,[1 152],BF16
model.visual.blocks.4.norm2.bias,[1 152],BF16
model.visual.blocks.4.norm2.weight,[1 152],BF16
model.visual.blocks.5.attn.proj.bias,[1 152],BF16
model.visual.blocks.5.attn.proj.weight,"[1 152, 1 152]",BF16
model.visual.blocks.5.attn.qkv.bias,[3 456],BF16
model.visual.blocks.5.attn.qkv.weight,"[3 456, 1 152]",BF16
model.visual.blocks.5.mlp.linear_fc1.bias,[4 304],BF16
model.visual.blocks.5.mlp.linear_fc1.weight,"[4 304, 1 152]",BF16
model.visual.blocks.5.mlp.linear_fc2.bias,[1 152],BF16
model.visual.blocks.5.mlp.linear_fc2.weight,"[1 152, 4 304]",BF16
model.visual.blocks.5.norm1.bias,[1 152],BF16
model.visual.blocks.5.norm1.weight,[1 152],BF16
model.visual.blocks.5.norm2.bias,[1 152],BF16
model.visual.blocks.5.norm2.weight,[1 152],BF16
model.visual.blocks.6.attn.proj.bias,[1 152],BF16
model.visual.blocks.6.attn.proj.weight,"[1 152, 1 152]",BF16
model.visual.blocks.6.attn.qkv.bias,[3 456],BF16
model.visual.blocks.6.attn.qkv.weight,"[3 456, 1 152]",BF16
model.visual.blocks.6.mlp.linear_fc1.bias,[4 304],BF16
model.visual.blocks.6.mlp.linear_fc1.weight,"[4 304, 1 152]",BF16
model.visual.blocks.6.mlp.linear_fc2.bias,[1 152],BF16
model.visual.blocks.6.mlp.linear_fc2.weight,"[1 152, 4 304]",BF16
model.visual.blocks.6.norm1.bias,[1 152],BF16
model.visual.blocks.6.norm1.weight,[1 152],BF16
model.visual.blocks.6.norm2.bias,[1 152],BF16
model.visual.blocks.6.norm2.weight,[1 152],BF16
model.visual.blocks.7.attn.proj.bias,[1 152],BF16
model.visual.blocks.7.attn.proj.weight,"[1 152, 1 152]",BF16
model.visual.blocks.7.attn.qkv.bias,[3 456],BF16
model.visual.blocks.7.attn.qkv.weight,"[3 456, 1 152]",BF16
model.visual.blocks.7.mlp.linear_fc1.bias,[4 304],BF16
model.visual.blocks.7.mlp.linear_fc1.weight,"[4 304, 1 152]",BF16
model.visual.blocks.7.mlp.linear_fc2.bias,[1 152],BF16
model.visual.blocks.7.mlp.linear_fc2.weight,"[1 152, 4 304]",BF16
model.visual.blocks.7.norm1.bias,[1 152],BF16
model.visual.blocks.7.norm1.weight,[1 152],BF16
model.visual.blocks.7.norm2.bias,[1 152],BF16
model.visual.blocks.7.norm2.weight,[1 152],BF16
model.visual.blocks.8.attn.proj.bias,[1 152],BF16
model.visual.blocks.8.attn.proj.weight,"[1 152, 1 152]",BF16
model.visual.blocks.8.attn.qkv.bias,[3 456],BF16
model.visual.blocks.8.attn.qkv.weight,"[3 456, 1 152]",BF16
model.visual.blocks.8.mlp.linear_fc1.bias,[4 304],BF16
model.visual.blocks.8.mlp.linear_fc1.weight,"[4 304, 1 152]",BF16
model.visual.blocks.8.mlp.linear_fc2.bias,[1 152],BF16
model.visual.blocks.8.mlp.linear_fc2.weight,"[1 152, 4 304]",BF16
model.visual.blocks.8.norm1.bias,[1 152],BF16
model.visual.blocks.8.norm1.weight,[1 152],BF16
model.visual.blocks.8.norm2.bias,[1 152],BF16
model.visual.blocks.8.norm2.weight,[1 152],BF16
model.visual.blocks.9.attn.proj.bias,[1 152],BF16
model.visual.blocks.9.attn.proj.weight,"[1 152, 1 152]",BF16
model.visual.blocks.9.attn.qkv.bias,[3 456],BF16
model.visual.blocks.9.attn.qkv.weight,"[3 456, 1 152]",BF16
model.visual.blocks.9.mlp.linear_fc1.bias,[4 304],BF16
model.visual.blocks.9.mlp.linear_fc1.weight,"[4 304, 1 152]",BF16
model.visual.blocks.9.mlp.linear_fc2.bias,[1 152],BF16
model.visual.blocks.9.mlp.linear_fc2.weight,"[1 152, 4 304]",BF16
model.visual.blocks.9.norm1.bias,[1 152],BF16
model.visual.blocks.9.norm1.weight,[1 152],BF16
model.visual.blocks.9.norm2.bias,[1 152],BF16
model.visual.blocks.9.norm2.weight,[1 152],BF16
model.visual.blocks.10.attn.proj.bias,[1 152],BF16
model.visual.blocks.10.attn.proj.weight,"[1 152, 1 152]",BF16
model.visual.blocks.10.attn.qkv.bias,[3 456],BF16
model.visual.blocks.10.attn.qkv.weight,"[3 456, 1 152]",BF16
model.visual.blocks.10.mlp.linear_fc1.bias,[4 304],BF16
model.visual.blocks.10.mlp.linear_fc1.weight,"[4 304, 1 152]",BF16
model.visual.blocks.10.mlp.linear_fc2.bias,[1 152],BF16
model.visual.blocks.10.mlp.linear_fc2.weight,"[1 152, 4 304]",BF16
model.visual.blocks.10.norm1.bias,[1 152],BF16
model.visual.blocks.10.norm1.weight,[1 152],BF16
model.visual.blocks.10.norm2.bias,[1 152],BF16
model.visual.blocks.10.norm2.weight,[1 152],BF16
model.visual.blocks.11.attn.proj.bias,[1 152],BF16
model.visual.blocks.11.attn.proj.weight,"[1 152, 1 152]",BF16
model.visual.blocks.11.attn.qkv.bias,[3 456],BF16
model.visual.blocks.11.attn.qkv.weight,"[3 456, 1 152]",BF16
model.visual.blocks.11.mlp.linear_fc1.bias,[4 304],BF16
model.visual.blocks.11.mlp.linear_fc1.weight,"[4 304, 1 152]",BF16
model.visual.blocks.11.mlp.linear_fc2.bias,[1 152],BF16
model.visual.blocks.11.mlp.linear_fc2.weight,"[1 152, 4 304]",BF16
model.visual.blocks.11.norm1.bias,[1 152],BF16
model.visual.blocks.11.norm1.weight,[1 152],BF16
model.visual.blocks.11.norm2.bias,[1 152],BF16
model.visual.blocks.11.norm2.weight,[1 152],BF16
model.visual.blocks.12.attn.proj.bias,[1 152],BF16
model.visual.blocks.12.attn.proj.weight,"[1 152, 1 152]",BF16
model.visual.blocks.12.attn.qkv.bias,[3 456],BF16
model.visual.blocks.12.attn.qkv.weight,"[3 456, 1 152]",BF16
model.visual.blocks.12.mlp.linear_fc1.bias,[4 304],BF16
model.visual.blocks.12.mlp.linear_fc1.weight,"[4 304, 1 152]",BF16
model.visual.blocks.12.mlp.linear_fc2.bias,[1 152],BF16
model.visual.blocks.12.mlp.linear_fc2.weight,"[1 152, 4 304]",BF16
model.visual.blocks.12.norm1.bias,[1 152],BF16
model.visual.blocks.12.norm1.weight,[1 152],BF16
model.visual.blocks.12.norm2.bias,[1 152],BF16
model.visual.blocks.12.norm2.weight,[1 152],BF16
model.visual.blocks.13.attn.proj.bias,[1 152],BF16
model.visual.blocks.13.attn.proj.weight,"[1 152, 1 152]",BF16
model.visual.blocks.13.attn.qkv.bias,[3 456],BF16
model.visual.blocks.13.attn.qkv.weight,"[3 456, 1 152]",BF16
model.visual.blocks.13.mlp.linear_fc1.bias,[4 304],BF16
model.visual.blocks.13.mlp.linear_fc1.weight,"[4 304, 1 152]",BF16
model.visual.blocks.13.mlp.linear_fc2.bias,[1 152],BF16
model.visual.blocks.13.mlp.linear_fc2.weight,"[1 152, 4 304]",BF16
model.visual.blocks.13.norm1.bias,[1 152],BF16
model.visual.blocks.13.norm1.weight,[1 152],BF16
model.visual.blocks.13.norm2.bias,[1 152],BF16
model.visual.blocks.13.norm2.weight,[1 152],BF16
model.visual.blocks.14.attn.proj.bias,[1 152],BF16
model.visual.blocks.14.attn.proj.weight,"[1 152, 1 152]",BF16
model.visual.blocks.14.attn.qkv.bias,[3 456],BF16
model.visual.blocks.14.attn.qkv.weight,"[3 456, 1 152]",BF16
model.visual.blocks.14.mlp.linear_fc1.bias,[4 304],BF16
model.visual.blocks.14.mlp.linear_fc1.weight,"[4 304, 1 152]",BF16
model.visual.blocks.14.mlp.linear_fc2.bias,[1 152],BF16
model.visual.blocks.14.mlp.linear_fc2.weight,"[1 152, 4 304]",BF16
model.visual.blocks.14.norm1.bias,[1 152],BF16
model.visual.blocks.14.norm1.weight,[1 152],BF16
model.visual.blocks.14.norm2.bias,[1 152],BF16
model.visual.blocks.14.norm2.weight,[1 152],BF16
model.visual.blocks.15.attn.proj.bias,[1 152],BF16
model.visual.blocks.15.attn.proj.weight,"[1 152, 1 152]",BF16
model.visual.blocks.15.attn.qkv.bias,[3 456],BF16
model.visual.blocks.15.attn.qkv.weight,"[3 456, 1 152]",BF16
model.visual.blocks.15.mlp.linear_fc1.bias,[4 304],BF16
model.visual.blocks.15.mlp.linear_fc1.weight,"[4 304, 1 152]",BF16
model.visual.blocks.15.mlp.linear_fc2.bias,[1 152],BF16
model.visual.blocks.15.mlp.linear_fc2.weight,"[1 152, 4 304]",BF16
model.visual.blocks.15.norm1.bias,[1 152],BF16
model.visual.blocks.15.norm1.weight,[1 152],BF16
model.visual.blocks.15.norm2.bias,[1 152],BF16
model.visual.blocks.15.norm2.weight,[1 152],BF16
model.visual.blocks.16.attn.proj.bias,[1 152],BF16
model.visual.blocks.16.attn.proj.weight,"[1 152, 1 152]",BF16
model.visual.blocks.16.attn.qkv.bias,[3 456],BF16
model.visual.blocks.16.attn.qkv.weight,"[3 456, 1 152]",BF16
model.visual.blocks.16.mlp.linear_fc1.bias,[4 304],BF16
model.visual.blocks.16.mlp.linear_fc1.weight,"[4 304, 1 152]",BF16
model.visual.blocks.16.mlp.linear_fc2.bias,[1 152],BF16
model.visual.blocks.16.mlp.linear_fc2.weight,"[1 152, 4 304]",BF16
model.visual.blocks.16.norm1.bias,[1 152],BF16
model.visual.blocks.16.norm1.weight,[1 152],BF16
model.visual.blocks.16.norm2.bias,[1 152],BF16
model.visual.blocks.16.norm2.weight,[1 152],BF16
model.visual.blocks.17.attn.proj.bias,[1 152],BF16
model.visual.blocks.17.attn.proj.weight,"[1 152, 1 152]",BF16
model.visual.blocks.17.attn.qkv.bias,[3 456],BF16
model.visual.blocks.17.attn.qkv.weight,"[3 456, 1 152]",BF16
model.visual.blocks.17.mlp.linear_fc1.bias,[4 304],BF16
model.visual.blocks.17.mlp.linear_fc1.weight,"[4 304, 1 152]",BF16
model.visual.blocks.17.mlp.linear_fc2.bias,[1 152],BF16
model.visual.blocks.17.mlp.linear_fc2.weight,"[1 152, 4 304]",BF16
model.visual.blocks.17.norm1.bias,[1 152],BF16
model.visual.blocks.17.norm1.weight,[1 152],BF16
model.visual.blocks.17.norm2.bias,[1 152],BF16
model.visual.blocks.17.norm2.weight,[1 152],BF16
model.visual.blocks.18.attn.proj.bias,[1 152],BF16
model.visual.blocks.18.attn.proj.weight,"[1 152, 1 152]",BF16
model.visual.blocks.18.attn.qkv.bias,[3 456],BF16
model.visual.blocks.18.attn.qkv.weight,"[3 456, 1 152]",BF16
model.visual.blocks.18.mlp.linear_fc1.bias,[4 304],BF16
model.visual.blocks.18.mlp.linear_fc1.weight,"[4 304, 1 152]",BF16
model.visual.blocks.18.mlp.linear_fc2.bias,[1 152],BF16
model.visual.blocks.18.mlp.linear_fc2.weight,"[1 152, 4 304]",BF16
model.visual.blocks.18.norm1.bias,[1 152],BF16
model.visual.blocks.18.norm1.weight,[1 152],BF16
model.visual.blocks.18.norm2.bias,[1 152],BF16
model.visual.blocks.18.norm2.weight,[1 152],BF16
model.visual.blocks.19.attn.proj.bias,[1 152],BF16
model.visual.blocks.19.attn.proj.weight,"[1 152, 1 152]",BF16
model.visual.blocks.19.attn.qkv.bias,[3 456],BF16
model.visual.blocks.19.attn.qkv.weight,"[3 456, 1 152]",BF16
model.visual.blocks.19.mlp.linear_fc1.bias,[4 304],BF16
model.visual.blocks.19.mlp.linear_fc1.weight,"[4 304, 1 152]",BF16
model.visual.blocks.19.mlp.linear_fc2.bias,[1 152],BF16
model.visual.blocks.19.mlp.linear_fc2.weight,"[1 152, 4 304]",BF16
model.visual.blocks.19.norm1.bias,[1 152],BF16
model.visual.blocks.19.norm1.weight,[1 152],BF16
model.visual.blocks.19.norm2.bias,[1 152],BF16
model.visual.blocks.19.norm2.weight,[1 152],BF16
model.visual.blocks.20.attn.proj.bias,[1 152],BF16
model.visual.blocks.20.attn.proj.weight,"[1 152, 1 152]",BF16
model.visual.blocks.20.attn.qkv.bias,[3 456],BF16
model.visual.blocks.20.attn.qkv.weight,"[3 456, 1 152]",BF16
model.visual.blocks.20.mlp.linear_fc1.bias,[4 304],BF16
model.visual.blocks.20.mlp.linear_fc1.weight,"[4 304, 1 152]",BF16
model.visual.blocks.20.mlp.linear_fc2.bias,[1 152],BF16
model.visual.blocks.20.mlp.linear_fc2.weight,"[1 152, 4 304]",BF16
model.visual.blocks.20.norm1.bias,[1 152],BF16
model.visual.blocks.20.norm1.weight,[1 152],BF16
model.visual.blocks.20.norm2.bias,[1 152],BF16
model.visual.blocks.20.norm2.weight,[1 152],BF16
model.visual.blocks.21.attn.proj.bias,[1 152],BF16
model.visual.blocks.21.attn.proj.weight,"[1 152, 1 152]",BF16
model.visual.blocks.21.attn.qkv.bias,[3 456],BF16
model.visual.blocks.21.attn.qkv.weight,"[3 456, 1 152]",BF16
model.visual.blocks.21.mlp.linear_fc1.bias,[4 304],BF16
model.visual.blocks.21.mlp.linear_fc1.weight,"[4 304, 1 152]",BF16
model.visual.blocks.21.mlp.linear_fc2.bias,[1 152],BF16
model.visual.blocks.21.mlp.linear_fc2.weight,"[1 152, 4 304]",BF16
model.visual.blocks.21.norm1.bias,[1 152],BF16
model.visual.blocks.21.norm1.weight,[1 152],BF16
model.visual.blocks.21.norm2.bias,[1 152],BF16
model.visual.blocks.21.norm2.weight,[1 152],BF16
model.visual.blocks.22.attn.proj.bias,[1 152],BF16
model.visual.blocks.22.attn.proj.weight,"[1 152, 1 152]",BF16
model.visual.blocks.22.attn.qkv.bias,[3 456],BF16
model.visual.blocks.22.attn.qkv.weight,"[3 456, 1 152]",BF16
model.visual.blocks.22.mlp.linear_fc1.bias,[4 304],BF16
model.visual.blocks.22.mlp.linear_fc1.weight,"[4 304, 1 152]",BF16
model.visual.blocks.22.mlp.linear_fc2.bias,[1 152],BF16
model.visual.blocks.22.mlp.linear_fc2.weight,"[1 152, 4 304]",BF16
model.visual.blocks.22.norm1.bias,[1 152],BF16
model.visual.blocks.22.norm1.weight,[1 152],BF16
model.visual.blocks.22.norm2.bias,[1 152],BF16
model.visual.blocks.22.norm2.weight,[1 152],BF16
model.visual.blocks.23.attn.proj.bias,[1 152],BF16
model.visual.blocks.23.attn.proj.weight,"[1 152, 1 152]",BF16
model.visual.blocks.23.attn.qkv.bias,[3 456],BF16
model.visual.blocks.23.attn.qkv.weight,"[3 456, 1 152]",BF16
model.visual.blocks.23.mlp.linear_fc1.bias,[4 304],BF16
model.visual.blocks.23.mlp.linear_fc1.weight,"[4 304, 1 152]",BF16
model.visual.blocks.23.mlp.linear_fc2.bias,[1 152],BF16
model.visual.blocks.23.mlp.linear_fc2.weight,"[1 152, 4 304]",BF16
model.visual.blocks.23.norm1.bias,[1 152],BF16
model.visual.blocks.23.norm1.weight,[1 152],BF16
model.visual.blocks.23.norm2.bias,[1 152],BF16
model.visual.blocks.23.norm2.weight,[1 152],BF16
model.visual.blocks.24.attn.proj.bias,[1 152],BF16
model.visual.blocks.24.attn.proj.weight,"[1 152, 1 152]",BF16
model.visual.blocks.24.attn.qkv.bias,[3 456],BF16
model.visual.blocks.24.attn.qkv.weight,"[3 456, 1 152]",BF16
model.visual.blocks.24.mlp.linear_fc1.bias,[4 304],BF16
model.visual.blocks.24.mlp.linear_fc1.weight,"[4 304, 1 152]",BF16
model.visual.blocks.24.mlp.linear_fc2.bias,[1 152],BF16
model.visual.blocks.24.mlp.linear_fc2.weight,"[1 152, 4 304]",BF16
model.visual.blocks.24.norm1.bias,[1 152],BF16
model.visual.blocks.24.norm1.weight,[1 152],BF16
model.visual.blocks.24.norm2.bias,[1 152],BF16
model.visual.blocks.24.norm2.weight,[1 152],BF16
model.visual.blocks.25.attn.proj.bias,[1 152],BF16
model.visual.blocks.25.attn.proj.weight,"[1 152, 1 152]",BF16
model.visual.blocks.25.attn.qkv.bias,[3 456],BF16
model.visual.blocks.25.attn.qkv.weight,"[3 456, 1 152]",BF16
model.visual.blocks.25.mlp.linear_fc1.bias,[4 304],BF16
model.visual.blocks.25.mlp.linear_fc1.weight,"[4 304, 1 152]",BF16
model.visual.blocks.25.mlp.linear_fc2.bias,[1 152],BF16
model.visual.blocks.25.mlp.linear_fc2.weight,"[1 152, 4 304]",BF16
model.visual.blocks.25.norm1.bias,[1 152],BF16
model.visual.blocks.25.norm1.weight,[1 152],BF16
model.visual.blocks.25.norm2.bias,[1 152],BF16
model.visual.blocks.25.norm2.weight,[1 152],BF16
model.visual.blocks.26.attn.proj.bias,[1 152],BF16
model.visual.blocks.26.attn.proj.weight,"[1 152, 1 152]",BF16
model.visual.blocks.26.attn.qkv.bias,[3 456],BF16
model.visual.blocks.26.attn.qkv.weight,"[3 456, 1 152]",BF16
model.visual.blocks.26.mlp.linear_fc1.bias,[4 304],BF16
model.visual.blocks.26.mlp.linear_fc1.weight,"[4 304, 1 152]",BF16
model.visual.blocks.26.mlp.linear_fc2.bias,[1 152],BF16
model.visual.blocks.26.mlp.linear_fc2.weight,"[1 152, 4 304]",BF16
model.visual.blocks.26.norm1.bias,[1 152],BF16
model.visual.blocks.26.norm1.weight,[1 152],BF16
model.visual.blocks.26.norm2.bias,[1 152],BF16
model.visual.blocks.26.norm2.weight,[1 152],BF16
model.visual.merger.linear_fc1.bias,[4 608],BF16
model.visual.merger.linear_fc1.weight,"[4 608, 4 608]",BF16
model.visual.merger.linear_fc2.bias,[2 048],BF16
model.visual.merger.linear_fc2.weight,"[2 048, 4 608]",BF16
model.visual.merger.norm.bias,[1 152],BF16
model.visual.merger.norm.weight,[1 152],BF16
mtp.pre_fc_norm_embedding.weight,[2 048],BF16
mtp.fc.weight,"[2 048, 4 096]",BF16
mtp.layers.0.input_layernorm.weight,[2 048],BF16
mtp.layers.0.mlp.shared_expert.down_proj.weight,"[2 048, 512]",BF16
mtp.layers.0.mlp.shared_expert.gate_proj.weight,"[512, 2 048]",BF16
mtp.layers.0.mlp.shared_expert.up_proj.weight,"[512, 2 048]",BF16
mtp.layers.0.mlp.shared_expert_gate.weight,"[1, 2 048]",BF16
mtp.layers.0.mlp.experts.down_proj,"[256, 2 048, 512]",BF16
mtp.layers.0.mlp.experts.gate_up_proj,"[256, 1 024, 2 048]",BF16
mtp.layers.0.mlp.gate.weight,"[256, 2 048]",BF16
mtp.layers.0.post_attention_layernorm.weight,[2 048],BF16
mtp.layers.0.self_attn.k_norm.weight,[256],BF16
mtp.layers.0.self_attn.k_proj.weight,"[512, 2 048]",BF16
mtp.layers.0.self_attn.o_proj.weight,"[2 048, 4 096]",BF16
mtp.layers.0.self_attn.q_norm.weight,[256],BF16
mtp.layers.0.self_attn.q_proj.weight,"[8 192, 2 048]",BF16
mtp.layers.0.self_attn.v_proj.weight,"[512, 2 048]",BF16
mtp.norm.weight,[2 048],BF16
mtp.pre_fc_norm_hidden.weight,[2 048],BF16
lm_head.weight,,